Abraham,Mona,Herb,Homer

Clancy,Jackie,Marge,Patty&Selma

Homer,Marge,Bart,Lisa

lbbh26,zcrj84,hpcg74,gnqr82
zpkh14,nnlq39,wpql77,fkdl45
tqkc53,fstr36,wfph73,qgjl24
gvtr92,rjjm36,wwmn19,ctbf19
wwmn19,gfls28,jswd24,pbkj29
bbwt67,cchn95,rgkj47,fxnj75
ppwn77,xwkt74,jdvk46,rlnp34
xqwl82,nnwv58,fgcn82,kzwx29
zlnj74,dcnr34,mzlr34,pnvn81
fjxp86,zdmf76,krpj58,kxpt34
lqdc33,xqsd44,njwk48,mwvb86
ctbf19,xpzv87,tkhj89,fnsg64
hkdg84,mjsj26,btms29,mrwx48
bzjv23,bbch26,fstr36,dqvn38
rvtc54,zkxx27,zpkh14,lbbh26
cxbj44,gsrd68,sskp63,djbr65
glzw57,xgql82,vrwd32,hcgl58
rwqm43,jbcw54,gqxl64,gwvr15
gcxd83,ssrm46,srdl43,pngz57
tqfz24,xgdl62,ktvp37,ccjb79
lgqn53,bwxj22,cmxm85,pwdz83
jtqf86,nxxk45,pvlt86,pjch23
xbrh57,shhn85,lcrm57,wdwd26
llfw57,pwsf78,dlms51,ssrm46
wsxf27,rhpp23,kktb39,bwrn38
mzqb55,hlnd96,cgsc62,dxgn84
rzml79,mjsj26,vvhd16,rjjm36
vhvs24,xmrc41,xqwl82,qdhw26
kllk76,qdhw26,qdsm51,hcwr14
vvhd16,vmpb43,ccrf56,xrwv75
wkxm72,qwtg58,dsgn37,vxpr22
bsmz23,qbxx39,qvjq53,zxhx39
kvpk56,pjtn29,wkxm72,ggsx68
vcgh16,gnmt51,fclh66,vsvl93
tzlz46,qzbq57,rfqt25,snhg38
Jonny Davies,Charlotte Martin,ktmz31,hfbc81
wctr39,wjfm78,szsk38,zzgw23
